INV_TYPE,EMP_NO,ARROND,ARROND_NOM,Rue,Rue_cote,No_civique,Emplacement,Sigle,Essence_latin,Essence_fr,Essence_ang,DHP,Date_Releve,Date_Plantation,LOCALISATION,Localisation_code,CODE_PARC,NOM_PARC,Rue_de,Rue_a,Distance_pave,Distance_ligne_rue,Stationnement_jour,Stationnement_heure,District,Arbre_remarquable,Code_secteur,Nom_secteur,Coord_X,Coord_Y,Longitude,Latitude
H,31708,6,Ville-Marie,,,,Parterre Gazonné,ULWIPR,Ulmus wilsoniana 'Prospector',Orme japonais du prospecteur,Prospector's Elm,22,2024-04-15T00:00:00,2010-10-12T00:00:00,,,1265-000,PROMENADE DES ARTISTES,,,,,,,,N,2,OUEST,299454.406,5040971,-73.568412,45.508639
H,31709,6,Ville-Marie,,,,Parterre Gazonné,ULWIPR,Ulmus wilsoniana 'Prospector',Orme japonais du prospecteur,Prospector's Elm,26,2024-04-15T00:00:00,2010-10-12T00:00:00,,,1265-000,PROMENADE DES ARTISTES,,,,,,,,N,2,OUEST,299451.064,5040965.717,-73.568455,45.508592
H,31707,6,Ville-Marie,,,,Parterre Gazonné,ULWIPR,Ulmus wilsoniana 'Prospector',Orme japonais du prospecteur,Prospector's Elm,26,2024-04-15T00:00:00,2010-10-12T00:00:00,,,1265-000,PROMENADE DES ARTISTES,,,,,,,,N,2,OUEST,299457.358,5040975.805,-73.568374,45.508682
H,31706,6,Ville-Marie,,,,Parterre Gazonné,ULWIPR,Ulmus wilsoniana 'Prospector',Orme japonais du prospecteur,Prospector's Elm,27,2024-04-15T00:00:00,2010-10-12T00:00:00,,,1265-000,PROMENADE DES ARTISTES,,,,,,,,N,2,OUEST,299460.393,5040980.67,-73.568335,45.508726
H,31710,6,Ville-Marie,,,,Parterre Gazonné,ULWIPR,Ulmus wilsoniana 'Prospector',Orme japonais du prospecteur,Prospector's Elm,28,2024-04-15T00:00:00,2010-10-12T00:00:00,,,1265-000,PROMENADE DES ARTISTES,,,,,,,,N,2,OUEST,299447.939,5040960.539,-73.568495,45.508545
H,31711,6,Ville-Marie,,,,Parterre Gazonné,ULWIPR,Ulmus wilsoniana 'Prospector',Orme japonais du prospecteur,Prospector's Elm,26,2024-04-15T00:00:00,2010-10-12T00:00:00,,,1265-000,PROMENADE DES ARTISTES,,,,,,,,N,2,OUEST,299444.591,5040955.405,-73.568537,45.508499
H,31705,6,Ville-Marie,,,,Parterre Gazonné,ULWIPR,Ulmus wilsoniana 'Prospector',Orme japonais du prospecteur,Prospector's Elm,27,2024-04-15T00:00:00,2010-10-12T00:00:00,,,1265-000,PROMENADE DES ARTISTES,,,,,,,,N,2,OUEST,299463.607,5040986.161,-73.568294,45.508776
R,469185,6,Ville-Marie,Rue Jeanne-Mance                                            ,E,,Fond de Trottoir,GYDI,Gymnocladus dioicus,Chicot du Canada,Kentucky Coffee Tree,5,2021-10-20T00:00:00,2021-10-20T00:00:00,25 m. au Nord de PRÉSIDENT-KENNEDY,N-25,,,PRÉSIDENT-KENNEDY AVENU DU                        ,SHERBROOKE O RUE                                  ,2.6,3.7,L-V,06:30-07:30,184,N,,,299409.041,5040976.888,-73.568993,45.508692
H,31704,6,Ville-Marie,,,,Parterre Gazonné,ULWIPR,Ulmus wilsoniana 'Prospector',Orme japonais du prospecteur,Prospector's Elm,23,2024-04-15T00:00:00,2010-10-12T00:00:00,,,1265-000,PROMENADE DES ARTISTES,,,,,,,,N,2,OUEST,299466.285,5040990.937,-73.56826,45.508819
H,31751,6,Ville-Marie,,,,Parterre bÉtonné,MAXXPA,Malus x 'Prairifire',Pommetier Prairifire,Prairifire Crab Apple,9,2016-09-13T00:00:00,2010-10-12T00:00:00,,,1265-000,PROMENADE DES ARTISTES,,,,,,,,N,2,OUEST,299468.094,5040988,-73.568237,45.508792
H,31750,6,Ville-Marie,,,,Parterre bÉtonné,MAXXPA,Malus x 'Prairifire',Pommetier Prairifire,Prairifire Crab Apple,10,2016-09-13T00:00:00,2010-10-12T00:00:00,,,1265-000,PROMENADE DES ARTISTES,,,,,,,,N,2,OUEST,299470.481,5040991.473,-73.568206,45.508823
H,31703,6,Ville-Marie,,,,Parterre Gazonné,ULWIPR,Ulmus wilsoniana 'Prospector',Orme japonais du prospecteur,Prospector's Elm,23,2024-04-15T00:00:00,2010-10-12T00:00:00,,,1265-000,PROMENADE DES ARTISTES,,,,,,,,N,2,OUEST,299469.856,5040996.472,-73.568215,45.508868
H,31702,6,Ville-Marie,,,,Parterre Gazonné,ULWIPR,Ulmus wilsoniana 'Prospector',Orme japonais du prospecteur,Prospector's Elm,22,2024-04-15T00:00:00,2010-10-12T00:00:00,,,1265-000,PROMENADE DES ARTISTES,,,,,,,,N,2,OUEST,299472.803,5041001.383,-73.568177,45.508913
H,31749,6,Ville-Marie,,,,Parterre bÉtonné,MAXXPA,Malus x 'Prairifire',Pommetier Prairifire,Prairifire Crab Apple,10,2016-09-13T00:00:00,2010-10-12T00:00:00,,,1265-000,PROMENADE DES ARTISTES,,,,,,,,N,2,OUEST,299477.356,5041003.257,-73.568119,45.50893
H,31701,6,Ville-Marie,,,,Parterre Gazonné,ULWIPR,Ulmus wilsoniana 'Prospector',Orme japonais du prospecteur,Prospector's Elm,25,2024-04-15T00:00:00,2010-10-12T00:00:00,,,1265-000,PROMENADE DES ARTISTES,,,,,,,,N,2,OUEST,299475.927,5041006.561,-73.568137,45.508959
H,31748,6,Ville-Marie,,,,Parterre bÉtonné,MAXXPA,Malus x 'Prairifire',Pommetier Prairifire,Prairifire Crab Apple,6,2016-09-13T00:00:00,2010-10-12T00:00:00,,,1265-000,PROMENADE DES ARTISTES,,,,,,,,N,2,OUEST,299479.855,5041006.918,-73.568087,45.508962
H,31700,6,Ville-Marie,,,,Parterre Gazonné,ULWIPR,Ulmus wilsoniana 'Prospector',Orme japonais du prospecteur,Prospector's Elm,27,2024-04-15T00:00:00,2010-10-12T00:00:00,,,1265-000,PROMENADE DES ARTISTES,,,,,,,,N,2,OUEST,299479.097,5041011.739,-73.568096,45.509006
R,258029,6,Ville-Marie,Rue Jeanne-Mance                                            ,O,2044,Parterre Gazonné,QURU,Quercus rubra,Chêne rouge,Red Oak,5,2016-10-12T00:00:00,2016-10-12T00:00:00,Devant le 2044,D-0,,,PRÉSIDENT-KENNEDY AVENU DU                        ,SHERBROOKE O RUE                                  ,2.5,"2.50, 3.60",L-V,15:30-18:00,184,N,,,299385.605,5040961.171,-73.569292,45.50855
H,31699,6,Ville-Marie,,,,Parterre Gazonné,ULWIPR,Ulmus wilsoniana 'Prospector',Orme japonais du prospecteur,Prospector's Elm,27,2024-04-15T00:00:00,2010-10-12T00:00:00,,,1265-000,PROMENADE DES ARTISTES,,,,,,,,N,2,OUEST,299482.087,5041016.649,-73.568058,45.50905
R,195902,6,Ville-Marie,Rue Jeanne-Mance                                            ,E,2021,Parterre Gazonné,CLKE,Cladastris kentukea,"Virgilier, Virgilier à bois jaune",American Yellowwood,5,2016-11-28T00:00:00,2016-11-28T00:00:00,"Devant le 2021, à 9 m du début de la façade",M-9,,,PRÉSIDENT-KENNEDY AVENU DU                        ,SHERBROOKE O RUE                                  ,2.8,3.7,L-V,06:30-07:30,184,N,,,299378.509,5040986.681,-73.569383,45.50878
R,256165,6,Ville-Marie,Rue Jeanne-Mance                                            ,O,2048,Parterre Gazonné,QURU,Quercus rubra,Chêne rouge,Red Oak,5,2016-10-12T00:00:00,2016-10-12T00:00:00,Devant le 2048,D-0,,,PRÉSIDENT-KENNEDY AVENU DU                        ,SHERBROOKE O RUE                                  ,2.5,"2.50, 3.60",L-V,15:30-18:00,184,N,,,299379.088,5040965.805,-73.569376,45.508592
R,337445,6,Ville-Marie,Rue Jeanne-Mance                                            ,E,2021,Parterre Gazonné,GIBI,Ginkgo biloba,Ginkgo à feuilles bilobées,Maidenhair Tree,5,2020-10-19T00:00:00,2020-10-19T00:00:00,"Devant le 2021, à 10 m du début de la façade",M-10,,,PRÉSIDENT-KENNEDY AVENU DU                        ,SHERBROOKE O RUE                                  ,2.5,3.7,L-V,06:30-07:30,184,N,,,299375.74,5040987.614,-73.569419,45.508788
H,31747,6,Ville-Marie,,,,Parterre bÉtonné,MAXXPA,Malus x 'Prairifire',Pommetier Prairifire,Prairifire Crab Apple,8,2016-09-13T00:00:00,2010-10-12T00:00:00,,,1265-000,PROMENADE DES ARTISTES,,,,,,,,N,2,OUEST,299486.864,5041018.39,-73.567997,45.509066
R,266600,6,Ville-Marie,Rue Jeanne-Mance                                            ,O,2054,Parterre Gazonné,AMCA,Amelanchier canadensis,Amélanchier du Canada,Downy Serviceberry,5,2016-10-03T00:00:00,2016-10-03T00:00:00,"Devant le 2054, à 1 m du début de la façade",M-1,,,PRÉSIDENT-KENNEDY AVENU DU                        ,SHERBROOKE O RUE                                  ,2.7,"2.50, 3.60",L-V,15:30-18:00,184,N,,,299374.66,5040968.514,-73.569433,45.508616
H,31698,6,Ville-Marie,,,,Parterre Gazonné,ULWIPR,Ulmus wilsoniana 'Prospector',Orme japonais du prospecteur,Prospector's Elm,28,2024-04-15T00:00:00,2010-10-12T00:00:00,,,1265-000,PROMENADE DES ARTISTES,,,,,,,,N,2,OUEST,299485.212,5041021.648,-73.568018,45.509095
R,258019,6,Ville-Marie,Rue Jeanne-Mance                                            ,E,2021,Parterre Gazonné,CLKE,Cladastris kentukea,"Virgilier, Virgilier à bois jaune",American Yellowwood,5,2016-11-28T00:00:00,2016-11-28T00:00:00,"Devant le 2021, à 18 m du début de la façade",M-18,,,PRÉSIDENT-KENNEDY AVENU DU                        ,SHERBROOKE O RUE                                  ,2.8,3.7,L-V,06:30-07:30,184,N,,,299373.44,5040989.701,-73.569448,45.508807
H,31746,6,Ville-Marie,,,,Parterre bÉtonné,MAXXPA,Malus x 'Prairifire',Pommetier Prairifire,Prairifire Crab Apple,9,2016-09-13T00:00:00,2010-10-12T00:00:00,,,1265-000,PROMENADE DES ARTISTES,,,,,,,,N,2,OUEST,299489.363,5041022.273,-73.567965,45.509101
H,31697,6,Ville-Marie,,,,Parterre Gazonné,ULWIPR,Ulmus wilsoniana 'Prospector',Orme japonais du prospecteur,Prospector's Elm,30,2024-04-15T00:00:00,2010-10-12T00:00:00,,,1265-000,PROMENADE DES ARTISTES,,,,,,,,N,2,OUEST,299488.247,5041026.915,-73.567979,45.509142
R,396865,6,Ville-Marie,Rue Jeanne-Mance                                            ,O,2058,Parterre Gazonné,ACSC,Acer saccharum,Érable à sucre,Sugar Maple,5,2020-10-19T00:00:00,2020-10-19T00:00:00,"Devant le 2058, à 1 m du début de la façade",M-1,,,PRÉSIDENT-KENNEDY AVENU DU                        ,SHERBROOKE O RUE                                  ,,"2.50, 3.60",L-V,15:30-18:00,184,N,,,299367.945,5040972.919,-73.569518,45.508656
R,195903,6,Ville-Marie,Rue Jeanne-Mance                                            ,E,2021,Parterre Gazonné,FRPE,Fraxinus pennsylvanica,Frêne de Pennsylvanie,Red Ash,23,2016-06-16T00:00:00,,"Devant le 2021, à 25 m du début de la façade",M-25,,,PRÉSIDENT-KENNEDY AVENU DU                        ,SHERBROOKE O RUE                                  ,2.8,3.7,L-V,06:30-07:30,184,N,,,299368.122,5040993.31,-73.569516,45.508839
R,266606,6,Ville-Marie,Rue Jeanne-Mance                                            ,O,2058,Parterre Gazonné,AMCA,Amelanchier canadensis,Amélanchier du Canada,Downy Serviceberry,5,2020-10-19T00:00:00,2020-10-19T00:00:00,"Devant le 2058, à 4 m du début de la façade",M-4,,,PRÉSIDENT-KENNEDY AVENU DU                        ,SHERBROOKE O RUE                                  ,,"2.50, 3.60",L-V,15:30-18:00,184,N,,,299365.777,5040974.436,-73.569546,45.508669
H,31696,6,Ville-Marie,,,,Parterre Gazonné,ULWIPR,Ulmus wilsoniana 'Prospector',Orme japonais du prospecteur,Prospector's Elm,26,2024-04-15T00:00:00,2010-10-12T00:00:00,,,1265-000,PROMENADE DES ARTISTES,,,,,,,,N,2,OUEST,299491.461,5041032.183,-73.567938,45.50919
R,258020,6,Ville-Marie,Rue Jeanne-Mance                                            ,E,2021,Parterre Gazonné,GIBI,Ginkgo biloba,Ginkgo à feuilles bilobées,Maidenhair Tree,5,2023-10-15T00:00:00,2023-10-15T00:00:00,"Devant le 2021, à 32 m du début de la façade",M-32,,,PRÉSIDENT-KENNEDY AVENU DU                        ,SHERBROOKE O RUE                                  ,2.6,3.7,L-V,06:30-07:30,184,N,,,299361.854,5040996.797,-73.569597,45.50887
R,195904,6,Ville-Marie,Rue Jeanne-Mance                                            ,E,2021,Parterre Gazonné,FRPE,Fraxinus pennsylvanica,Frêne de Pennsylvanie,Red Ash,30,2016-06-16T00:00:00,,"Devant le 2021, à 36 m du début de la façade",M-36,,,PRÉSIDENT-KENNEDY AVENU DU                        ,SHERBROOKE O RUE                                  ,2.8,3.7,L-V,06:30-07:30,184,N,,,299359.052,5040999.711,-73.569633,45.508897
H,31745,6,Ville-Marie,,,,Parterre bÉtonné,MAXXPA,Malus x 'Prairifire',Pommetier Prairifire,Prairifire Crab Apple,7,2016-09-13T00:00:00,2010-10-12T00:00:00,,,1265-000,PROMENADE DES ARTISTES,,,,,,,,N,2,OUEST,299496.282,5041033.879,-73.567877,45.509205
H,31695,6,Ville-Marie,,,,Parterre Gazonné,ULWIPR,Ulmus wilsoniana 'Prospector',Orme japonais du prospecteur,Prospector's Elm,29,2024-04-15T00:00:00,2010-10-12T00:00:00,,,1265-000,PROMENADE DES ARTISTES,,,,,,,,N,2,OUEST,299494.531,5041037,-73.567899,45.509233
H,31744,6,Ville-Marie,,,,Parterre bÉtonné,MAXXPA,Malus x 'Prairifire',Pommetier Prairifire,Prairifire Crab Apple,9,2016-09-13T00:00:00,2010-10-12T00:00:00,,,1265-000,PROMENADE DES ARTISTES,,,,,,,,N,2,OUEST,299498.782,5041037.718,-73.567845,45.50924
R,258021,6,Ville-Marie,Rue Jeanne-Mance                                            ,E,2021,Parterre Gazonné,CLKE,Cladastris kentukea,"Virgilier, Virgilier à bois jaune",American Yellowwood,5,2016-11-28T00:00:00,2016-11-28T00:00:00,"Devant le 2021, à 41 m du début de la façade",M-41,,,PRÉSIDENT-KENNEDY AVENU DU                        ,SHERBROOKE O RUE                                  ,2.8,3.7,L-V,06:30-07:30,184,N,,,299354.54,5041002.084,-73.56969,45.508918
H,31694,6,Ville-Marie,,,,Parterre Gazonné,ULWIPR,Ulmus wilsoniana 'Prospector',Orme japonais du prospecteur,Prospector's Elm,26,2024-04-15T00:00:00,2010-10-12T00:00:00,,,1265-000,PROMENADE DES ARTISTES,,,,,,,,N,2,OUEST,299497.086,5041041.378,-73.567867,45.509273
R,195905,6,Ville-Marie,Rue Jeanne-Mance                                            ,E,2021,Parterre Gazonné,FRPE,Fraxinus pennsylvanica,Frêne de Pennsylvanie,Red Ash,22,2016-06-16T00:00:00,,"Devant le 2021, à 48 m du début de la façade",M-48,,,PRÉSIDENT-KENNEDY AVENU DU                        ,SHERBROOKE O RUE                                  ,2.9,3.7,L-V,06:30-07:30,184,N,,,299349.419,5041005.814,-73.569756,45.508952
H,31693,6,Ville-Marie,,,,Parterre Gazonné,ULWIPR,Ulmus wilsoniana 'Prospector',Orme japonais du prospecteur,Prospector's Elm,30,2024-04-15T00:00:00,2010-10-12T00:00:00,,,1265-000,PROMENADE DES ARTISTES,,,,,,,,N,2,OUEST,299500.781,5041047,-73.567819,45.509323
H,31743,6,Ville-Marie,,,,Parterre bÉtonné,MAXXPA,Malus x 'Prairifire',Pommetier Prairifire,Prairifire Crab Apple,8,2016-09-13T00:00:00,2010-10-12T00:00:00,,,1265-000,PROMENADE DES ARTISTES,,,,,,,,N,2,OUEST,299505.924,5041049.145,-73.567753,45.509343
R,270633,6,Ville-Marie,Rue Jeanne-Mance                                            ,O,2080,Parterre Gazonné,OSVI,Ostrya virginiana,Ostryer de Virginie,American Hop-Hornbeam Ironwood,5,2020-10-19T00:00:00,2020-10-19T00:00:00,"Devant le 2080, à 2 m du début de la façade",M-2,,,PRÉSIDENT-KENNEDY AVENU DU                        ,SHERBROOKE O RUE                                  ,2.7,"2.50, 3.60",L-V,15:30-18:00,184,N,,,299339.502,5040992.611,-73.569883,45.508833
H,31692,6,Ville-Marie,,,,Parterre Gazonné,ULWIPR,Ulmus wilsoniana 'Prospector',Orme japonais du prospecteur,Prospector's Elm,26,2024-04-15T00:00:00,2010-10-12T00:00:00,,,1265-000,PROMENADE DES ARTISTES,,,,,,,,N,2,OUEST,299503.96,5041052.091,-73.567779,45.509369
R,258022,6,Ville-Marie,Rue Jeanne-Mance                                            ,E,2021,Parterre Gazonné,CLKE,Cladastris kentukea,"Virgilier, Virgilier à bois jaune",American Yellowwood,5,2016-11-28T00:00:00,2016-11-28T00:00:00,"Devant le 2021, à 55 m du début de la façade",M-55,,,PRÉSIDENT-KENNEDY AVENU DU                        ,SHERBROOKE O RUE                                  ,2.8,3.7,L-V,06:30-07:30,184,N,,,299342.52,5041010.049,-73.569844,45.50899
H,31742,6,Ville-Marie,,,,Parterre bÉtonné,MAXXPA,Malus x 'Prairifire',Pommetier Prairifire,Prairifire Crab Apple,9,2016-09-13T00:00:00,2010-10-12T00:00:00,,,1265-000,PROMENADE DES ARTISTES,,,,,,,,N,2,OUEST,299508.156,5041052.984,-73.567725,45.509377
R,195906,6,Ville-Marie,Rue Jeanne-Mance                                            ,E,2021,Parterre Gazonné,FRPE,Fraxinus pennsylvanica,Frêne de Pennsylvanie,Red Ash,23,2016-06-16T00:00:00,,"Devant le 2021, à 60 m du début de la façade",M-60,,,PRÉSIDENT-KENNEDY AVENU DU                        ,SHERBROOKE O RUE                                  ,2.8,3.7,L-V,06:30-07:30,184,N,,,299339.365,5041012.875,-73.569885,45.509015
H,31691,6,Ville-Marie,,,,Parterre Gazonné,ULWIPR,Ulmus wilsoniana 'Prospector',Orme japonais du prospecteur,Prospector's Elm,28,2024-04-15T00:00:00,2010-10-12T00:00:00,,,1265-000,PROMENADE DES ARTISTES,,,,,,,,N,2,OUEST,299507.442,5041057.359,-73.567734,45.509417
R,266612,6,Ville-Marie,Rue Jeanne-Mance                                            ,O,2082,Parterre Gazonné,AMCA,Amelanchier canadensis,Amélanchier du Canada,Downy Serviceberry,5,2016-10-03T00:00:00,2016-10-03T00:00:00,"Devant le 2082, à 5 m du début de la façade",M-5,,,PRÉSIDENT-KENNEDY AVENU DU                        ,SHERBROOKE O RUE                                  ,2.7,"2.50, 3.60",L-V,15:30-18:00,184,N,,,299331.569,5040997.844,-73.569984,45.50888
R,192310,6,Ville-Marie,Avenue du Président-Kennedy                                 ,N,,TRottoir,ULWIPR,Ulmus wilsoniana 'Prospector',Orme japonais du prospecteur,Prospector's Elm,20,2019-11-29T00:00:00,2010-10-01T00:00:00,49 m. à l'Ouest de SAINT-URBAIN,O-49,,,SAINT-URBAIN RUE                                  ,JEANNE-MANCE RUE                                  ,1.35,3.05,,,184,N,,,299499.021,5041067.148,-73.567842,45.509505
R,71031,6,Ville-Marie,Avenue du Président-Kennedy                                 ,S,,TRottoir,ULXXHO,Ulmus x 'Homestead',Orme Homestead,Homestead Elm,26,2011-01-17T00:00:00,1996-05-01T00:00:00,59 m. à l'Ouest de JEANNE-MANCE,O-59,,,JEANNE-MANCE RUE                                  ,DE BLEURY RUE                                     ,0.9,,,,184,N,,,299401.511,5040881.148,-73.569088,45.50783
R,258023,6,Ville-Marie,Rue Jeanne-Mance                                            ,E,2021,Parterre Gazonné,CLKE,Cladastris kentukea,"Virgilier, Virgilier à bois jaune",American Yellowwood,5,2016-11-28T00:00:00,2016-11-28T00:00:00,"Devant le 2021, à 64 m du début de la façade",M-64,,,PRÉSIDENT-KENNEDY AVENU DU                        ,SHERBROOKE O RUE                                  ,2.8,3.7,L-V,06:30-07:30,184,N,,,299334.555,5041015.769,-73.569946,45.509041
H,31690,6,Ville-Marie,,,,Parterre Gazonné,ULWIPR,Ulmus wilsoniana 'Prospector',Orme japonais du prospecteur,Prospector's Elm,28,2024-04-15T00:00:00,2010-10-12T00:00:00,,,1265-000,PROMENADE DES ARTISTES,,,,,,,,N,2,OUEST,299510.477,5041062.626,-73.567695,45.509464
R,266617,6,Ville-Marie,Rue Jeanne-Mance                                            ,O,2086,Parterre Gazonné,QUBI,Quercus bicolor,Chêne bleu,Swamp White Oak,5,2016-10-03T00:00:00,2016-10-03T00:00:00,"Devant le 2086, à 4 m du début de la façade",M-4,,,PRÉSIDENT-KENNEDY AVENU DU                        ,SHERBROOKE O RUE                                  ,2.7,"2.50, 3.60",L-V,15:30-18:00,184,N,,,299327.461,5041000.432,-73.570037,45.508903
R,171564,6,Ville-Marie,Rue Jeanne-Mance                                            ,E,,TRottoir,GLTRIN,Gleditsia triacanthos var. inermis,Févier inerme d'Amérique,Thornless Honey-Locust,14,2018-05-17T00:00:00,2009-09-02T00:00:00,144 m. au Nord de SAINTE-CATHERINE,N-144,,,SAINTE-CATHERINE O RUE                            ,MAISONNEUVE O BOULE DE                            ,1.35,,,,184,N,,,299504.509,5040893.91,-73.56777,45.507946
H,102873,6,Ville-Marie,,,,Parterre Gazonné,GLTR,Gleditsia triacanthos,Févier d'Amérique,Common Honey-Locust,29,2024-04-15T00:00:00,2009-05-05T00:00:00,,,1153-000,"FESTIVAL, DU",,,,,,,,N,2,Nord de la rue Mayor,299460.138,5040872.707,-73.568338,45.507755
R,192309,6,Ville-Marie,Avenue du Président-Kennedy                                 ,N,,TRottoir,ULWIPR,Ulmus wilsoniana 'Prospector',Orme japonais du prospecteur,Prospector's Elm,15,2019-11-29T00:00:00,2010-10-01T00:00:00,43 m. à l'Ouest de SAINT-URBAIN,O-43,,,SAINT-URBAIN RUE                                  ,JEANNE-MANCE RUE                                  ,1.35,3.05,,,184,N,,,299502.215,5041072.226,-73.567801,45.50955
H,31741,6,Ville-Marie,,,,Parterre bÉtonné,MAXXPA,Malus x 'Prairifire',Pommetier Prairifire,Prairifire Crab Apple,8,2016-09-13T00:00:00,2010-10-12T00:00:00,,,1265-000,PROMENADE DES ARTISTES,,,,,,,,N,2,OUEST,299515.209,5041064.144,-73.567635,45.509478
R,250253,6,Ville-Marie,Rue Jeanne-Mance                                            ,E,2021,Parterre Gazonné,GIBI,Ginkgo biloba,Ginkgo à feuilles bilobées,Maidenhair Tree,5,2018-09-26T00:00:00,2018-09-26T00:00:00,"Devant le 2021, à 71 m du début de la façade",M-71,,,PRÉSIDENT-KENNEDY AVENU DU                        ,SHERBROOKE O RUE                                  ,2.8,3.7,L-V,06:30-07:30,184,N,,,299328.544,5041019.535,-73.570023,45.509075
H,31689,6,Ville-Marie,,,,Parterre Gazonné,ULWIPR,Ulmus wilsoniana 'Prospector',Orme japonais du prospecteur,Prospector's Elm,28,2024-04-15T00:00:00,2010-10-12T00:00:00,,,1265-000,PROMENADE DES ARTISTES,,,,,,,,N,2,OUEST,299513.334,5041067.982,-73.567659,45.509512
R,171563,6,Ville-Marie,Rue Jeanne-Mance                                            ,E,,TRottoir,GLTRIN,Gleditsia triacanthos var. inermis,Févier inerme d'Amérique,Thornless Honey-Locust,12,2018-05-17T00:00:00,2009-09-02T00:00:00,138 m. au Nord de SAINTE-CATHERINE,N-138,,,SAINTE-CATHERINE O RUE                            ,MAISONNEUVE O BOULE DE                            ,1.35,,,,184,N,,,299509.249,5040890.94,-73.567709,45.507919
H,102872,6,Ville-Marie,,,,Parterre Gazonné,GLTR,Gleditsia triacanthos,Févier d'Amérique,Common Honey-Locust,24,2024-04-15T00:00:00,2009-05-05T00:00:00,,,1153-000,"FESTIVAL, DU",,,,,,,,N,2,Nord de la rue Mayor,299463.401,5040867.249,-73.568296,45.507706
R,192308,6,Ville-Marie,Avenue du Président-Kennedy                                 ,N,,TRottoir,ULWIPR,Ulmus wilsoniana 'Prospector',Orme japonais du prospecteur,Prospector's Elm,21,2019-11-29T00:00:00,2010-10-01T00:00:00,37 m. à l'Ouest de SAINT-URBAIN,O-37,,,SAINT-URBAIN RUE                                  ,JEANNE-MANCE RUE                                  ,1.35,3.05,,,184,N,,,299505.325,5041077.126,-73.567761,45.509594
H,31740,6,Ville-Marie,,,,Parterre bÉtonné,MAXXPA,Malus x 'Prairifire',Pommetier Prairifire,Prairifire Crab Apple,8,2016-09-13T00:00:00,2010-10-12T00:00:00,,,1265-000,PROMENADE DES ARTISTES,,,,,,,,N,2,OUEST,299517.441,5041068.295,-73.567606,45.509515
R,627125,6,Ville-Marie,Rue Jeanne-Mance                                            ,E,2021,Parterre Gazonné,GIBI,Ginkgo biloba,Ginkgo à feuilles bilobées,Maidenhair Tree,5,2023-10-15T00:00:00,2023-10-15T00:00:00,"Devant le 2021, à 77 m du début de la façade",M-77,,,PRÉSIDENT-KENNEDY AVENU DU                        ,SHERBROOKE O RUE                                  ,2.8,3.7,L-V,06:30-07:30,184,N,,,299324.462,5041022.017,-73.570076,45.509097
H,102871,6,Ville-Marie,,,,Parterre Gazonné,GLTR,Gleditsia triacanthos,Févier d'Amérique,Common Honey-Locust,28,2024-04-15T00:00:00,2009-05-05T00:00:00,,,1153-000,"FESTIVAL, DU",,,,,,,,N,2,Nord de la rue Mayor,299469.647,5040867.474,-73.568216,45.507708
R,234497,6,Ville-Marie,Rue Jeanne-Mance                                            ,O,2090,Parterre Gazonné,ACFRAB,Acer x freemanii 'Autumn Blaze',Érable Autumn Blaze,Autumn Blaze Freeman Maple,5,2018-09-27T00:00:00,2018-09-27T00:00:00,"Devant le 2090, à 6 m du début de la façade",M-6,,,PRÉSIDENT-KENNEDY AVENU DU                        ,SHERBROOKE O RUE                                  ,2.7,"2.50, 3.60",L-V,15:30-18:00,184,N,,,299319.528,5041005.609,-73.570138,45.508949
H,31688,6,Ville-Marie,,,,Parterre Gazonné,ULWIPR,Ulmus wilsoniana 'Prospector',Orme japonais du prospecteur,Prospector's Elm,28,2024-04-15T00:00:00,2010-10-12T00:00:00,,,1265-000,PROMENADE DES ARTISTES,,,,,,,,N,2,OUEST,299516.905,5041072.803,-73.567613,45.509556
R,171562,6,Ville-Marie,Rue Jeanne-Mance                                            ,E,,TRottoir,GLTRIN,Gleditsia triacanthos var. inermis,Févier inerme d'Amérique,Thornless Honey-Locust,12,2018-05-17T00:00:00,2009-09-02T00:00:00,132 m. au Nord de SAINTE-CATHERINE,N-132,,,SAINTE-CATHERINE O RUE                            ,MAISONNEUVE O BOULE DE                            ,1.35,,,,184,N,,,299514.548,5040887.228,-73.567641,45.507886
H,102870,6,Ville-Marie,,,,Parterre Gazonné,GLTR,Gleditsia triacanthos,Févier d'Amérique,Common Honey-Locust,24,2024-04-15T00:00:00,2009-05-05T00:00:00,,,1153-000,"FESTIVAL, DU",,,,,,,,N,2,Nord de la rue Mayor,299475.105,5040864.661,-73.568146,45.507682
R,192307,6,Ville-Marie,Avenue du Président-Kennedy                                 ,N,,TRottoir,ULWIPR,Ulmus wilsoniana 'Prospector',Orme japonais du prospecteur,Prospector's Elm,20,2019-11-29T00:00:00,2010-10-01T00:00:00,31 m. à l'Ouest de SAINT-URBAIN,O-31,,,SAINT-URBAIN RUE                                  ,JEANNE-MANCE RUE                                  ,1.35,3.05,,,184,N,,,299508.532,5041082.466,-73.56772,45.509643
H,31687,6,Ville-Marie,,,,Parterre Gazonné,ULWIPR,Ulmus wilsoniana 'Prospector',Orme japonais du prospecteur,Prospector's Elm,31,2024-04-15T00:00:00,2010-10-12T00:00:00,,,1265-000,PROMENADE DES ARTISTES,,,,,,,,N,2,OUEST,299520.476,5041078.16,-73.567568,45.509604
R,171561,6,Ville-Marie,Rue Jeanne-Mance                                            ,E,,TRottoir,GLTRIN,Gleditsia triacanthos var. inermis,Févier inerme d'Amérique,Thornless Honey-Locust,12,2018-05-17T00:00:00,2009-09-02T00:00:00,126 m. au Nord de SAINTE-CATHERINE,N-126,,,SAINTE-CATHERINE O RUE                            ,MAISONNEUVE O BOULE DE                            ,1.35,,,,184,N,,,299519.423,5040883.834,-73.567579,45.507855
R,258024,6,Ville-Marie,Rue Jeanne-Mance                                            ,E,2021,Parterre Gazonné,ACSA,Acer saccharinum,Érable argenté,Silver Maple,5,2020-08-20T00:00:00,2020-08-20T00:00:00,"Devant le 2021, à 87 m du début de la façade",M-87,,,PRÉSIDENT-KENNEDY AVENU DU                        ,SHERBROOKE O RUE                                  ,2.8,3.7,L-V,06:30-07:30,184,N,,,299316.379,5041027.79,-73.570179,45.509149
R,234494,6,Ville-Marie,Rue Jeanne-Mance                                            ,O,2090,Parterre Gazonné,AMCA,Amelanchier canadensis,Amélanchier du Canada,Downy Serviceberry,5,2013-10-24T00:00:00,2013-10-24T00:00:00,9 m. au Nord du 2090,N-9,,,PRÉSIDENT-KENNEDY AVENU DU                        ,SHERBROOKE O RUE                                  ,2.7,"2.50, 3.60",L-V,15:30-18:00,184,N,,,299310.907,5041012.017,-73.570249,45.509007
R,192306,6,Ville-Marie,Avenue du Président-Kennedy                                 ,N,,TRottoir,ULWIPR,Ulmus wilsoniana 'Prospector',Orme japonais du prospecteur,Prospector's Elm,5,2020-08-07T00:00:00,2020-08-07T00:00:00,25 m. à l'Ouest de SAINT-URBAIN,O-25,,,SAINT-URBAIN RUE                                  ,JEANNE-MANCE RUE                                  ,1.35,3.05,,,184,N,,,299511.573,5041087.708,-73.567682,45.50969
H,31739,6,Ville-Marie,,,,Parterre bÉtonné,MAXXPA,Malus x 'Prairifire',Pommetier Prairifire,Prairifire Crab Apple,9,2016-09-13T00:00:00,2010-10-12T00:00:00,,,1265-000,PROMENADE DES ARTISTES,,,,,,,,N,2,OUEST,299524.761,5041079.499,-73.567513,45.509616
H,102869,6,Ville-Marie,,,,Parterre Gazonné,GLTR,Gleditsia triacanthos,Févier d'Amérique,Common Honey-Locust,27,2024-04-15T00:00:00,2009-05-05T00:00:00,,,1153-000,"FESTIVAL, DU",,,,,,,,N,2,Nord de la rue Mayor,299486.583,5040858.472,-73.567999,45.507627
H,31686,6,Ville-Marie,,,,Parterre Gazonné,ULWIPR,Ulmus wilsoniana 'Prospector',Orme japonais du prospecteur,Prospector's Elm,28,2024-04-15T00:00:00,2010-10-12T00:00:00,,,1265-000,PROMENADE DES ARTISTES,,,,,,,,N,2,OUEST,299523.511,5041083.338,-73.567529,45.50965
R,171560,6,Ville-Marie,Rue Jeanne-Mance                                            ,E,,TRottoir,GLTRIN,Gleditsia triacanthos var. inermis,Févier inerme d'Amérique,Thornless Honey-Locust,11,2018-05-17T00:00:00,2009-09-02T00:00:00,120 m. au Nord de SAINTE-CATHERINE,N-120,,,SAINTE-CATHERINE O RUE                            ,MAISONNEUVE O BOULE DE                            ,1.35,,,,184,N,,,299524.298,5040880.44,-73.567517,45.507825
H,102868,6,Ville-Marie,,,,Parterre Gazonné,GLTR,Gleditsia triacanthos,Févier d'Amérique,Common Honey-Locust,23,2024-04-15T00:00:00,2009-05-05T00:00:00,,,1153-000,"FESTIVAL, DU",,,,,,,,N,2,Nord de la rue Mayor,299481.688,5040855.264,-73.568062,45.507598
R,192305,6,Ville-Marie,Avenue du Président-Kennedy                                 ,N,,TRottoir,ULWIPR,Ulmus wilsoniana 'Prospector',Orme japonais du prospecteur,Prospector's Elm,15,2019-11-29T00:00:00,2010-10-01T00:00:00,19 m. à l'Ouest de SAINT-URBAIN,O-19,,,SAINT-URBAIN RUE                                  ,JEANNE-MANCE RUE                                  ,1.35,3.05,,,184,N,,,299514.41,5041092.9,-73.567645,45.509736
H,31712,6,Ville-Marie,,,,Parterre bÉtonné,MAXXPA,Malus x 'Prairifire',Pommetier Prairifire,Prairifire Crab Apple,9,2016-09-13T00:00:00,2010-10-12T00:00:00,,,1265-000,PROMENADE DES ARTISTES,,,,,,,,N,2,OUEST,299527.261,5041083.606,-73.567481,45.509653
R,234462,6,Ville-Marie,Rue Jeanne-Mance                                            ,E,2119,Parterre Gazonné,QURU,Quercus rubra,Chêne rouge,Red Oak,5,2013-10-23T00:00:00,2013-10-23T00:00:00,2 m. au Nord du 2119,N-2,,,PRÉSIDENT-KENNEDY AVENU DU                        ,SHERBROOKE O RUE                                  ,2.7,3.7,L-V,06:30-07:30,184,N,,,299307.858,5041033.902,-73.570288,45.509204
H,102867,6,Ville-Marie,,,,Parterre Gazonné,GLTR,Gleditsia triacanthos,Févier d'Amérique,Common Honey-Locust,21,2024-04-15T00:00:00,2009-05-05T00:00:00,,,1153-000,"FESTIVAL, DU",,,,,,,,N,2,Nord de la rue Mayor,299486.471,5040851.888,-73.568,45.507568
H,31685,6,Ville-Marie,,,,Parterre Gazonné,ULWIPR,Ulmus wilsoniana 'Prospector',Orme japonais du prospecteur,Prospector's Elm,32,2024-04-15T00:00:00,2010-10-12T00:00:00,,,1265-000,PROMENADE DES ARTISTES,,,,,,,,N,2,OUEST,299526.343,5041088.695,-73.567493,45.509699
R,171559,6,Ville-Marie,Rue Jeanne-Mance                                            ,E,,TRottoir,GLTRIN,Gleditsia triacanthos var. inermis,Févier inerme d'Amérique,Thornless Honey-Locust,13,2018-05-17T00:00:00,2009-09-04T00:00:00,114 m. au Nord de SAINTE-CATHERINE,N-114,,,SAINTE-CATHERINE O RUE                            ,MAISONNEUVE O BOULE DE                            ,1.35,,,,184,N,,,299529.211,5040876.805,-73.567454,45.507792
R,234495,6,Ville-Marie,Rue Jeanne-Mance                                            ,O,2090,Parterre Gazonné,AMCA,Amelanchier canadensis,Amélanchier du Canada,Downy Serviceberry,5,2013-10-24T00:00:00,2013-10-24T00:00:00,22 m. au Nord du 2090,N-22,,,PRÉSIDENT-KENNEDY AVENU DU                        ,SHERBROOKE O RUE                                  ,2.7,"2.50, 3.60",L-V,15:30-18:00,184,N,,,299300.531,5041019,-73.570382,45.50907
R,192304,6,Ville-Marie,Avenue du Président-Kennedy                                 ,N,,TRottoir,ULWIPR,Ulmus wilsoniana 'Prospector',Orme japonais du prospecteur,Prospector's Elm,13,2019-11-29T00:00:00,2010-10-01T00:00:00,13 m. à l'Ouest de SAINT-URBAIN,O-13,,,SAINT-URBAIN RUE                                  ,JEANNE-MANCE RUE                                  ,1.35,3.05,,,184,N,,,299516.942,5041098.486,-73.567613,45.509787
H,31684,6,Ville-Marie,,,,Parterre Gazonné,ULWIPR,Ulmus wilsoniana 'Prospector',Orme japonais du prospecteur,Prospector's Elm,32,2024-04-15T00:00:00,2010-10-12T00:00:00,,,1265-000,PROMENADE DES ARTISTES,,,,,,,,N,2,OUEST,299529.746,5041093.382,-73.567449,45.509741
R,171558,6,Ville-Marie,Rue Jeanne-Mance                                            ,E,,TRottoir,GLTRIN,Gleditsia triacanthos var. inermis,Févier inerme d'Amérique,Thornless Honey-Locust,12,2018-05-17T00:00:00,2009-09-04T00:00:00,108 m. au Nord de SAINTE-CATHERINE,N-108,,,SAINTE-CATHERINE O RUE                            ,MAISONNEUVE O BOULE DE                            ,1.35,,,,184,N,,,299534.411,5040873.822,-73.567387,45.507765
R,304848,6,Ville-Marie,Rue Jeanne-Mance                                            ,E,2119,Parterre Gazonné,ACSA,Acer saccharinum,Érable argenté,Silver Maple,5,2020-08-20T00:00:00,2020-08-20T00:00:00,12 m. au Nord du 2119,N-12,,,PRÉSIDENT-KENNEDY AVENU DU                        ,SHERBROOKE O RUE                                  ,2.8,3.7,L-V,06:30-07:30,184,N,,,299301.016,5041038.553,-73.570376,45.509246
R,68853,6,Ville-Marie,Rue De Bleury                                               ,E,2067,TRottoir,ACSA,Acer saccharinum,Érable argenté,Silver Maple,27,2012-02-13T00:00:00,1980-05-01T00:00:00,4 m. au Nord du 2067,N-4,,,PRÉSIDENT-KENNEDY AVENU DU                        ,CONCORDE RUE DE LA                                ,0.9,3.35,L-V,07:00-08:00,184,N,,,299328.094,5040881,-73.570027,45.507828
R,234496,6,Ville-Marie,Rue Jeanne-Mance                                            ,O,2090,Parterre Gazonné,AMCA,Amelanchier canadensis,Amélanchier du Canada,Downy Serviceberry,5,2013-10-24T00:00:00,2013-10-24T00:00:00,30 m. au Nord du 2090,N-30,,,PRÉSIDENT-KENNEDY AVENU DU                        ,SHERBROOKE O RUE                                  ,2.7,"2.50, 3.60",L-V,15:30-18:00,184,N,,,299294.383,5041023.392,-73.57046,45.509109
H,102866,6,Ville-Marie,,,,Parterre Gazonné,GLTR,Gleditsia triacanthos,Févier d'Amérique,Common Honey-Locust,25,2024-04-15T00:00:00,2009-05-05T00:00:00,,,1153-000,"FESTIVAL, DU",,,,,,,,N,2,Nord de la rue Mayor,299497.161,5040846.656,-73.567863,45.507521
R,70357,6,Ville-Marie,Boulevard de Maisonneuve Ouest                              ,N,,TRottoir,ACSAPY,Acer saccharinum 'Pyramidalis',Érable argenté Pyramidal,Pyramidale Silver Maple,20,2011-01-12T00:00:00,1987-05-01T00:00:00,43 m. à l'Ouest de BALMORAL,O-43,,,BALMORAL                                          ,DE BLEURY RUE                                     ,0.8,,,,184,N,,,299420.471,5040832.061,-73.568845,45.507389
H,102865,6,Ville-Marie,,,,Parterre Gazonné,GLTR,Gleditsia triacanthos,Févier d'Amérique,Common Honey-Locust,26,2024-04-15T00:00:00,2009-05-05T00:00:00,,,1153-000,"FESTIVAL, DU",,,,,,,,N,2,Nord de la rue Mayor,299506.727,5040847.668,-73.567741,45.50753
R,234463,6,Ville-Marie,Rue Jeanne-Mance                                            ,E,2119,Parterre Gazonné,QURU,Quercus rubra,Chêne rouge,Red Oak,5,2013-10-23T00:00:00,2013-10-23T00:00:00,21 m. au Nord du 2119,N-21,,,PRÉSIDENT-KENNEDY AVENU DU                        ,SHERBROOKE O RUE                                  ,2.7,3.7,L-V,06:30-07:30,184,N,,,299294.138,5041043.26,-73.570464,45.509288
R,68857,6,Ville-Marie,Rue De Bleury                                               ,E,,TRottoir,ACSA,Acer saccharinum,Érable argenté,Silver Maple,25,2012-02-13T00:00:00,1980-05-01T00:00:00,14 m. au Nord de CONCORDE,N-14,,,CONCORDE RUE DE LA                                ,SHERBROOKE O RUE                                  ,0.9,3.35,,,184,N,,,299307.587,5040894.627,-73.57029,45.507951
R,68854,6,Ville-Marie,Rue De Bleury                                               ,O,2050,TRottoir,ULHOPI,Ulmus x hollandica 'Pioneer',Orme Pioneer,Pioneer Elm,14,2012-02-13T00:00:00,1997-05-01T00:00:00,1er emplacement devant le 2050,D-1,,,PRÉSIDENT-KENNEDY AVENU DU                        ,CONCORDE RUE DE LA                                ,1,3.35,L-V,06:30-09:30,184,N,,,299341.313,5040856,-73.569858,45.507603